procal_number,peptide_sequence,(M+2H)2+,(M+3H)3+,charge_expected,"SSRCalc: HI (pred.) (100ï¿½ C18 column, 0.1% Formic Acid 2015)","SSRCalc: HI (pred.) (100um C18 column, 0.1% Formic Acid)","retention_time_minutes",delta
1,YSAHEEHHYDK,708.3024,472.5373,2;3,-1.29,1.45,9.96,0.17
2,HEHISSDYAGK,622.2887,415.1949,2;3,0.89,5.92,13.02,0.14
3,TFAHTESHISK,629.3147,419.8789,2;3,2.27,9.49,13.82,0.14
4,ISLGEHEGGGK,542.2751,361.8525,2;3,2.78,10.05,17.76,0.1
5,FGTGTYAGGEK,544.2564,363.1733,2,5.09,14.42,20.32,0.12
6,LSSGYDGTSYK,589.2722,393.1839,2,4.86,14.39,20.48,0.13
7,TASGVGGFSTK,506.2589,337.8417,2,4.9,16.17,21.57,0.1
8,VGASTGYSGLK,520.2746,347.1855,2,5.13,15.26,21.77,0.11
9,SYASDFGSSAK,560.2513,373.8366,2,7.22,17.08,23.33,0.13
10,LYSYYSSTESK,664.3063,443.2066,2,7.65,17.83,24.48,0.12
11,LYTGAGYDEVK,608.2982,405.8679,2,7.76,19.46,25.29,0.13
12,TLIAYDDSSTK,607.301,405.2031,2,7.61,20.27,26.29,0.12
13,FLASSEGGFTK,572.2877,381.8609,2,10.14,23.16,27.77,0.12
14,FVGTEYDGLAK,600.3008,400.5363,2,10.67,24.04,29.25,0.12
15,YALDSYSLSSK,617.3035,411.8714,2,10.22,24.19,30.58,0.13
16,HLTGLTFDTYK,648.3351,432.5592,2,9.93,22.76,31.6,0.11
17,GFLDYESTGAK,594.2826,396.5241,2,10.12,23.25,31.7,0.12
18,HDTVFGSYLYK,665.3273,443.8873,2,11.46,24.35,32.89,0.11
19,YFGYTSDTFGK,643.2904,429.196,2,11.79,24.45,33.08,0.13
20,ALFSSITDSEK,599.3035,399.8714,2,11.75,23.64,33.76,0.12
21,HFALFSTDVTK,633.3299,422.5557,2,10.97,25.02,34.9,0.1
22,VSGFSDISIYK,608.3164,405.88,2,13.03,28.67,35.29,0.12
23,TFTGTTDSFFK,626.2982,417.8679,2,12.9,28.42,35.62,0.12
24,TFGTETFDTFK,647.3035,431.8714,2,13.66,29.56,36.07,0.13
25,ASDLLSGYYIK,615.3242,410.5519,2,13.98,29.84,36.81,0.14
26,FLFTGYDTSVK,639.3242,426.5519,2,13.9,30.28,37.63,0.13
27,VYAETLSGFIK,614.3346,409.8922,2,15.54,31.75,37.92,0.13
28,TSIDSFIDSYK,638.3088,425.875,2,15.53,29.64,38.26,0.14
29,GFVIDDGLITK,589.3268,393.2203,2,16.05,32.16,38.69,0.12
30,GIFGAFTDDYK,617.2929,411.8644,2,15.16,31.1,40.27,0.12
31,GASDFLSFAVK,571.298,381.2011,2,16.33,34.75,41.44,0.13
32,VSSIFFDTFDK,653.3217,435.8836,2,17.67,39.01,42.68,0.13
33,FFLTGTSIFVK,630.3553,420.5727,2,18.98,37.58,45.38,0.11
34,GDFTFFIDTFK,669.3242,446.5519,2,23.64,44.92,49.12,0.16
35,LFISALVDFFK,650.371,433.9164,2,25.7,51.24,54.7,2.07
36,SLFFIIDGFVK,643.3632,429.2445,2,26.5,51.28,53.65,0.17
37,FLISLLEEYFK,701.3868,467.927,2,25.09,56.18,55.88,0.18
38,IDVYILALLLK,637.4101,425.2758,2,24.97,52.76,57.29,0.15
39,SILAFLYLYFK,689.3945,459.9321,2,26.16,53.06,58.93,0.28
40,SLIFFLSTLLK,641.3945,427.9321,2,28.78,53.22,59.53,0.08
